id_anime,id_user,start_at,end_at,if_finish
848,237,2018-04-06T01:52:29Z,2020-08-04T01:09:09Z,1
373,320,2018-12-25T08:14:21Z,2021-06-28T02:00:16Z,1
1052,698,2018-06-12T04:30:55Z,2021-04-17T06:43:52Z,0
922,148,2018-06-12T14:37:47Z,2020-05-02T23:38:21Z,1
145,668,2019-04-12T04:34:21Z,2020-03-21T02:29:35Z,0
280,713,2018-04-14T07:33:04Z,2020-07-03T06:36:56Z,1
115,750,2018-05-06T14:04:36Z,2021-08-12T19:18:18Z,0
1035,8,2019-09-23T04:22:44Z,2020-05-29T18:57:53Z,0
89,217,2018-09-02T16:32:09Z,2020-09-07T09:23:03Z,1
384,411,2018-12-18T13:08:04Z,2020-04-04T14:40:49Z,0
808,193,2018-12-10T22:19:15Z,2020-02-04T16:00:51Z,1
952,906,2018-01-28T13:13:39Z,2020-12-20T04:58:13Z,0
981,261,2019-11-16T14:41:15Z,2021-09-11T11:19:37Z,1
755,573,2018-09-03T02:11:59Z,2020-11-05T16:56:19Z,0
227,690,2019-03-20T11:08:28Z,2021-07-25T15:09:35Z,1
65,66,2019-02-12T10:42:15Z,2020-11-29T12:26:03Z,1
565,314,2018-06-20T18:58:18Z,2021-12-12T17:57:42Z,1
818,533,2018-08-06T16:41:30Z,2020-02-05T06:43:25Z,0
668,176,2019-07-08T00:30:46Z,2021-03-15T16:10:29Z,0
716,15,2019-11-24T07:10:11Z,2021-01-30T05:17:22Z,0
270,806,2018-04-30T02:08:58Z,2021-09-05T20:26:43Z,0
220,115,2019-09-16T23:32:50Z,2020-10-05T22:59:07Z,1
81,900,2019-05-22T17:07:59Z,2020-02-01T04:19:12Z,0
555,431,2018-08-13T23:12:22Z,2021-04-04T01:58:40Z,0
96,903,2019-09-05T13:09:57Z,2020-02-26T19:22:02Z,1
305,593,2019-05-29T04:31:57Z,2021-04-09T19:12:56Z,0
378,770,2019-10-24T14:24:27Z,2020-01-06T13:22:12Z,1
1034,793,2018-03-07T20:35:20Z,2020-08-09T02:19:02Z,0
67,162,2019-11-06T11:59:22Z,2020-05-20T09:44:06Z,1
215,836,2019-07-31T12:37:06Z,2021-10-06T00:23:32Z,0
1017,408,2019-12-05T18:07:28Z,2020-11-24T03:37:10Z,0
1009,270,2018-12-23T19:24:45Z,2020-03-31T20:54:19Z,1
563,492,2018-10-21T13:14:46Z,2021-01-25T20:45:34Z,1
189,530,2019-05-07T12:08:55Z,2021-03-29T06:45:35Z,0
736,303,2018-08-05T17:53:59Z,2020-10-01T21:34:20Z,0
725,667,2019-06-18T14:33:54Z,2020-10-06T15:35:48Z,1
518,684,2019-09-12T02:53:05Z,2020-09-10T19:33:46Z,1
635,466,2018-08-01T09:34:08Z,2021-12-12T08:34:34Z,1
951,961,2018-08-25T03:46:11Z,2020-10-02T19:03:55Z,0
643,419,2018-02-26T17:37:22Z,2021-09-20T18:16:01Z,0
65,322,2019-11-08T15:33:06Z,2021-06-08T05:21:19Z,0
23,336,2019-02-13T09:36:47Z,2021-09-30T12:06:27Z,0
671,653,2019-02-06T20:27:40Z,2020-11-06T20:31:19Z,1
617,136,2019-05-11T06:22:29Z,2020-11-12T12:46:59Z,1
221,340,2019-12-07T09:57:39Z,2020-12-14T16:50:50Z,0
812,539,2018-05-23T00:57:43Z,2020-11-23T19:26:27Z,0
856,637,2019-12-15T13:02:59Z,2020-08-27T08:12:24Z,0
1091,522,2019-05-09T05:00:48Z,2021-07-09T12:57:55Z,1
160,509,2019-06-19T10:21:44Z,2021-05-03T01:01:30Z,0
529,152,2018-07-25T09:12:01Z,2021-01-14T05:58:36Z,0
761,920,2018-11-04T17:05:19Z,2021-10-12T13:12:27Z,0
279,701,2019-04-07T04:52:56Z,2020-10-18T20:29:53Z,1
315,385,2019-09-01T05:41:16Z,2021-03-23T09:46:40Z,0
3,325,2019-02-12T03:32:49Z,2021-09-14T20:08:14Z,1
959,614,2019-05-13T22:50:43Z,2021-12-20T13:51:51Z,1
575,404,2018-03-24T00:42:36Z,2021-09-14T08:11:29Z,1
131,686,2018-01-16T22:38:09Z,2020-04-22T01:40:54Z,0
855,347,2018-11-04T00:34:46Z,2021-10-25T03:53:25Z,0
974,776,2019-07-07T22:33:12Z,2020-05-31T20:11:19Z,0
577,637,2018-12-19T06:14:42Z,2020-08-23T18:12:38Z,1
676,832,2018-02-15T20:47:08Z,2021-04-27T12:50:42Z,1
173,346,2018-07-02T08:10:12Z,2020-07-18T09:48:37Z,0
278,333,2019-08-25T16:35:36Z,2021-09-26T00:39:07Z,0
455,297,2018-09-15T03:03:48Z,2021-04-27T01:23:20Z,0
388,937,2018-09-28T13:51:31Z,2020-08-17T12:07:35Z,0
59,321,2019-03-15T16:56:57Z,2021-10-15T18:13:01Z,0
787,874,2019-12-15T02:10:01Z,2021-02-23T14:28:43Z,0
424,828,2019-03-16T12:01:56Z,2021-05-01T05:45:19Z,0
746,842,2018-03-05T15:36:14Z,2020-09-10T08:48:55Z,0
1091,816,2018-09-06T21:28:54Z,2020-02-27T11:28:47Z,0
386,311,2019-08-08T10:15:04Z,2021-12-16T00:14:14Z,1
733,80,2018-01-11T05:28:25Z,2020-08-03T22:45:33Z,1
361,192,2018-09-04T15:51:22Z,2021-01-15T02:00:31Z,0
376,734,2018-05-13T20:36:42Z,2021-12-06T13:43:44Z,1
784,239,2019-04-05T22:34:51Z,2021-07-23T18:12:29Z,0
504,824,2019-01-06T20:34:57Z,2021-12-13T18:08:34Z,1
248,602,2019-05-29T16:22:13Z,2020-06-13T06:32:05Z,0
1004,375,2019-07-03T01:35:17Z,2020-10-09T07:44:49Z,0
656,296,2018-02-19T11:35:18Z,2021-04-03T17:40:24Z,0
341,878,2019-01-08T12:46:34Z,2021-11-08T13:01:05Z,1
212,538,2018-07-05T13:29:19Z,2021-05-08T02:33:40Z,0
217,596,2019-09-23T06:50:05Z,2020-02-22T00:25:09Z,0
322,251,2019-10-29T17:53:14Z,2020-05-18T11:00:36Z,1
625,29,2019-09-15T02:23:15Z,2021-05-01T11:19:14Z,1
1019,403,2019-05-29T13:30:58Z,2020-08-18T19:29:02Z,0
1042,329,2018-12-23T22:03:24Z,2021-12-29T12:10:01Z,1
980,216,2019-01-12T18:45:15Z,2021-05-20T07:23:53Z,1
8,537,2018-03-31T23:34:19Z,2021-04-20T09:46:11Z,0
5,822,2019-10-10T20:48:30Z,2020-04-28T23:17:31Z,1
775,997,2018-08-12T03:20:23Z,2021-06-30T08:36:31Z,0
1073,872,2018-05-15T10:33:00Z,2021-01-10T14:08:42Z,0
671,329,2018-03-25T00:59:01Z,2020-07-17T03:59:13Z,1
963,993,2018-11-30T04:01:17Z,2020-11-07T01:13:22Z,0
911,10,2018-09-24T09:30:21Z,2021-07-10T14:53:07Z,0
1067,515,2019-01-11T13:28:43Z,2021-11-18T20:04:20Z,0
227,540,2019-07-26T14:02:07Z,2020-01-28T03:45:36Z,0
39,934,2019-10-07T00:09:45Z,2020-01-14T11:52:27Z,0
1047,788,2019-07-18T15:16:25Z,2020-03-06T22:13:38Z,1
238,656,2019-09-06T01:40:45Z,2021-08-02T07:26:37Z,0
504,676,2018-10-11T10:15:28Z,2021-09-29T16:58:45Z,1
280,852,2018-03-06T15:02:18Z,2021-12-03T13:05:55Z,0
305,96,2018-08-27T12:03:17Z,2021-12-27T10:47:55Z,1
416,702,2018-04-13T21:12:13Z,2020-07-07T10:28:36Z,0
594,313,2019-10-23T11:59:22Z,2020-09-04T20:30:48Z,1
747,634,2019-01-29T18:27:50Z,2021-03-18T08:06:19Z,1
1028,80,2019-05-20T08:25:07Z,2020-01-14T19:21:48Z,0
590,805,2018-10-24T16:43:51Z,2020-06-05T08:37:24Z,0
728,757,2018-10-13T05:09:25Z,2020-07-21T17:19:17Z,0
352,860,2019-02-06T09:47:18Z,2020-10-04T12:47:44Z,0
1033,909,2018-06-19T18:35:20Z,2021-12-10T14:52:47Z,0
366,681,2019-11-08T02:08:43Z,2020-04-30T03:44:45Z,1
1029,310,2018-10-25T18:14:05Z,2020-01-03T18:46:26Z,0
987,775,2019-09-07T13:06:34Z,2021-01-09T02:24:20Z,0
640,168,2018-05-02T00:59:07Z,2021-08-01T03:58:20Z,1
490,990,2019-05-24T07:46:26Z,2021-04-01T19:43:00Z,1
260,151,2018-08-20T15:47:56Z,2020-09-27T20:10:41Z,1
961,235,2019-06-15T09:27:49Z,2020-03-02T13:41:54Z,1
1025,326,2019-02-12T05:58:13Z,2021-03-16T18:13:16Z,0
704,213,2018-06-14T16:05:20Z,2020-02-07T07:57:07Z,1
580,977,2018-07-30T15:45:11Z,2021-01-21T21:38:29Z,0
942,104,2018-10-19T06:44:53Z,2020-04-08T01:09:45Z,0
1067,587,2018-10-03T02:35:32Z,2020-04-03T00:25:28Z,0
219,123,2018-11-28T08:08:37Z,2021-10-16T11:12:12Z,0
913,485,2018-05-31T12:03:25Z,2021-03-08T17:37:25Z,0
733,799,2019-12-18T13:32:44Z,2020-02-15T00:40:50Z,0
641,571,2019-03-14T04:40:16Z,2021-07-04T19:27:32Z,0
14,612,2018-05-12T19:09:25Z,2020-02-12T12:33:58Z,1
484,753,2018-05-30T21:22:27Z,2021-05-10T03:57:10Z,0
577,148,2019-03-27T13:22:31Z,2021-11-02T18:31:56Z,0
784,281,2018-02-06T03:19:38Z,2020-01-14T08:16:56Z,1
1055,283,2018-07-29T20:01:58Z,2020-01-27T15:50:24Z,0
865,581,2018-01-12T03:28:28Z,2020-07-31T12:49:04Z,0
65,700,2019-01-25T02:43:09Z,2020-06-22T17:10:41Z,1
480,282,2018-10-12T23:40:11Z,2020-11-27T14:50:36Z,0
300,308,2018-09-13T20:48:22Z,2020-06-07T03:24:17Z,0
917,604,2018-06-25T17:56:14Z,2020-01-14T09:18:20Z,1
106,150,2018-08-10T12:06:43Z,2021-04-02T17:00:03Z,1
77,660,2018-06-27T05:48:30Z,2020-06-05T07:43:07Z,0
815,639,2018-07-03T15:58:24Z,2020-04-22T00:56:58Z,0
115,105,2018-01-07T12:19:44Z,2021-09-04T14:32:19Z,1
825,231,2019-09-18T12:10:56Z,2021-11-09T04:32:15Z,0
539,387,2018-09-22T17:12:30Z,2020-04-28T21:43:44Z,0
998,197,2019-03-25T02:26:56Z,2020-10-29T18:22:51Z,1
864,755,2019-04-27T14:24:10Z,2020-01-03T14:27:50Z,0
238,253,2018-03-07T19:36:44Z,2020-12-07T21:18:06Z,0
51,611,2018-06-21T18:16:07Z,2021-10-10T15:49:50Z,1
736,555,2018-04-20T17:19:26Z,2021-08-08T01:52:02Z,1
261,325,2018-08-24T02:46:12Z,2020-06-21T03:10:46Z,1
1034,590,2019-06-14T09:28:18Z,2021-11-14T19:04:02Z,0
485,720,2019-03-08T04:05:45Z,2021-11-01T10:22:30Z,1
963,589,2019-09-13T21:16:18Z,2020-03-30T21:29:29Z,1
352,338,2018-09-18T20:57:38Z,2020-05-26T18:35:04Z,0
458,940,2018-04-30T07:38:02Z,2020-09-27T06:24:40Z,0
826,221,2019-09-10T16:15:59Z,2021-11-09T13:56:14Z,0
430,476,2019-04-30T22:16:37Z,2020-09-26T11:49:06Z,1
874,227,2019-09-26T12:32:57Z,2020-11-24T13:19:04Z,0
99,758,2019-04-20T00:25:55Z,2020-10-22T11:38:21Z,0
248,573,2019-03-12T06:41:28Z,2020-01-19T11:41:49Z,1
409,707,2018-08-27T10:38:33Z,2020-02-14T05:47:49Z,0
145,875,2018-09-07T03:52:26Z,2021-11-24T09:27:25Z,1
340,239,2018-01-06T04:22:14Z,2020-06-12T13:17:24Z,1
695,446,2019-06-04T07:53:29Z,2020-01-07T22:07:01Z,0
889,140,2019-09-18T23:48:11Z,2021-06-10T13:34:43Z,0
832,138,2019-10-17T12:17:51Z,2020-06-20T22:20:22Z,0
511,351,2019-11-06T02:00:28Z,2021-11-24T19:33:26Z,1
343,911,2018-03-11T23:07:35Z,2020-04-11T10:21:29Z,0
1091,726,2018-10-13T20:07:18Z,2020-05-09T04:39:47Z,1
356,423,2018-11-17T07:24:07Z,2020-09-12T08:10:50Z,1
800,590,2018-02-03T19:26:33Z,2021-12-19T20:28:55Z,1
126,982,2019-09-02T06:41:34Z,2020-07-19T01:34:37Z,0
178,317,2018-11-21T10:47:22Z,2020-03-25T16:04:32Z,0
148,290,2019-09-07T00:30:50Z,2020-05-02T00:17:36Z,1
30,676,2018-01-14T07:57:57Z,2020-03-16T06:04:54Z,1
301,763,2019-07-21T06:40:47Z,2020-07-30T09:30:04Z,1
137,45,2019-05-04T17:49:15Z,2021-02-06T19:42:15Z,0
1029,321,2018-11-12T03:49:09Z,2020-06-23T13:57:02Z,1
67,848,2019-02-26T15:51:36Z,2020-10-24T08:06:21Z,1
394,302,2019-03-27T23:29:36Z,2021-07-26T21:41:56Z,0
533,764,2019-04-02T09:49:39Z,2020-01-28T19:44:45Z,0
888,968,2018-02-05T05:47:34Z,2021-05-30T03:57:32Z,0
948,840,2018-03-18T05:52:40Z,2021-08-30T16:08:37Z,0
543,469,2019-09-25T10:33:24Z,2021-12-05T15:12:41Z,0
719,742,2019-02-06T19:23:22Z,2021-03-21T18:09:00Z,1
246,258,2019-03-27T23:20:26Z,2021-03-05T11:48:21Z,1
957,814,2018-10-05T09:15:52Z,2020-04-09T13:55:17Z,0
877,336,2019-04-30T17:53:21Z,2021-02-27T11:09:18Z,0
668,133,2018-01-05T11:50:05Z,2021-03-28T06:21:17Z,0
59,560,2018-07-10T19:04:12Z,2020-06-21T16:51:39Z,1
510,155,2018-11-05T17:59:38Z,2021-01-21T03:55:38Z,1
331,472,2018-06-28T03:22:17Z,2020-04-29T20:30:00Z,0
925,791,2018-10-28T14:17:54Z,2020-04-11T09:05:52Z,0
984,451,2019-02-25T12:33:31Z,2021-07-12T12:36:21Z,1
792,894,2018-05-26T13:43:27Z,2021-07-06T04:59:45Z,0
668,264,2019-06-24T19:51:44Z,2020-05-05T02:05:54Z,1
1063,137,2019-01-13T12:36:34Z,2021-02-02T20:14:58Z,1
127,998,2018-03-16T12:17:33Z,2021-09-08T07:14:17Z,1
514,952,2019-09-14T12:39:55Z,2020-12-11T18:58:51Z,1
359,412,2019-08-16T21:58:57Z,2020-11-17T05:54:25Z,1
23,957,2019-06-25T13:08:16Z,2021-10-04T02:59:21Z,0
907,761,2018-05-13T03:41:11Z,2021-02-22T19:19:58Z,0
149,889,2019-12-15T15:54:33Z,2020-09-20T09:40:22Z,1
642,54,2018-09-04T16:58:09Z,2020-05-17T02:44:44Z,0
279,715,2018-06-21T00:04:00Z,2021-07-18T20:29:57Z,1
789,774,2019-01-25T05:55:08Z,2021-03-05T16:08:40Z,1
781,334,2019-10-16T02:09:10Z,2021-05-27T06:22:38Z,1
104,722,2019-09-18T00:35:47Z,2020-05-18T00:56:29Z,0
1096,17,2019-03-06T22:24:29Z,2020-08-05T12:26:09Z,1
219,640,2019-03-18T05:52:23Z,2021-11-28T08:24:41Z,0
1088,562,2018-02-23T04:20:24Z,2021-01-12T19:44:49Z,1
694,661,2019-03-23T07:00:18Z,2020-10-19T02:35:01Z,0
940,741,2018-06-19T08:06:08Z,2021-10-05T07:02:38Z,1
749,748,2019-07-27T17:56:32Z,2021-08-30T02:39:20Z,0
646,788,2018-06-23T13:29:46Z,2020-08-10T08:02:41Z,1
659,763,2019-06-18T04:19:43Z,2021-10-29T05:59:41Z,1
264,547,2019-12-22T06:04:41Z,2021-04-07T13:31:30Z,0
880,513,2019-05-05T15:38:08Z,2020-07-06T07:01:19Z,1
407,961,2018-03-20T00:32:25Z,2021-08-29T17:26:12Z,1
609,535,2019-02-24T04:26:36Z,2020-11-08T18:33:49Z,0
1065,720,2019-12-27T18:23:02Z,2021-03-03T00:00:57Z,0
997,198,2018-01-22T04:51:30Z,2020-02-01T16:51:15Z,0
635,265,2018-06-27T21:01:42Z,2020-01-19T07:18:47Z,1
1065,615,2018-11-26T10:45:03Z,2020-11-17T08:57:55Z,1
11,916,2018-03-09T00:53:47Z,2021-10-14T13:37:50Z,1
513,587,2019-09-11T08:47:20Z,2021-10-06T20:15:57Z,1
6,471,2019-12-05T15:25:15Z,2020-01-08T04:11:14Z,1
921,381,2018-12-24T14:50:49Z,2021-10-16T07:17:32Z,0
434,978,2019-12-12T19:39:59Z,2021-04-16T07:51:31Z,0
517,102,2019-04-26T05:37:28Z,2021-01-11T19:54:16Z,1
1099,534,2019-06-09T00:05:19Z,2020-06-20T17:36:10Z,1
194,583,2018-08-30T03:06:41Z,2021-07-16T02:32:11Z,0
975,827,2018-07-04T10:11:17Z,2020-03-21T06:47:13Z,0
948,159,2018-07-16T08:12:06Z,2021-06-17T08:57:48Z,1
598,715,2018-10-15T07:22:55Z,2021-12-12T08:24:45Z,1
521,369,2019-09-05T14:22:13Z,2021-12-01T06:11:31Z,1
49,693,2019-02-28T03:01:07Z,2021-03-30T10:04:55Z,1
608,507,2019-12-01T17:20:09Z,2020-11-29T16:46:44Z,1
103,434,2019-05-17T03:01:14Z,2020-02-09T23:25:49Z,0
84,279,2018-10-15T08:42:47Z,2020-09-20T23:52:39Z,1
78,639,2019-04-27T10:58:38Z,2021-02-15T20:54:27Z,0
92,717,2019-05-22T14:32:10Z,2020-03-29T03:48:38Z,0
319,196,2019-11-02T21:51:59Z,2020-05-08T10:30:43Z,0
661,94,2018-03-16T21:39:58Z,2020-07-20T22:44:26Z,1
998,250,2018-02-14T00:11:11Z,2020-06-01T00:53:36Z,0
798,976,2019-06-08T15:30:25Z,2020-01-26T07:46:53Z,0
944,50,2019-04-29T02:35:17Z,2021-11-26T22:48:59Z,1
249,498,2019-09-11T01:45:04Z,2020-11-14T02:01:14Z,1
1063,454,2019-09-26T18:21:27Z,2021-10-07T19:15:16Z,0
818,618,2019-03-14T01:15:37Z,2021-12-16T22:00:32Z,0
87,888,2019-08-21T04:35:22Z,2020-05-06T03:59:20Z,1
766,722,2018-03-28T17:21:19Z,2020-06-16T05:00:19Z,0
89,376,2018-08-28T05:01:02Z,2021-11-08T04:50:38Z,0
672,380,2018-01-13T16:35:23Z,2020-03-27T06:22:39Z,0
276,700,2019-04-22T00:45:47Z,2020-10-18T17:28:41Z,1
985,800,2018-10-21T01:44:14Z,2021-09-08T23:29:24Z,0
1005,457,2018-03-05T06:11:33Z,2020-11-05T12:00:22Z,1
79,72,2019-12-30T06:03:58Z,2020-05-30T01:45:13Z,1
576,64,2018-05-12T10:37:25Z,2021-04-16T04:58:35Z,0
210,944,2019-07-13T04:48:04Z,2021-07-03T02:19:01Z,1
689,697,2018-06-15T05:08:26Z,2020-08-22T22:53:51Z,1
251,388,2019-04-05T23:36:30Z,2021-04-05T00:22:10Z,0
73,181,2018-09-16T20:08:04Z,2021-02-08T15:37:10Z,0
912,51,2018-08-13T05:11:10Z,2021-04-02T08:18:57Z,0
268,365,2019-03-03T06:23:30Z,2020-02-24T17:51:40Z,0
1079,241,2019-01-09T18:23:47Z,2020-04-02T05:48:54Z,1
276,474,2019-02-27T13:43:33Z,2020-08-24T16:44:29Z,1
234,130,2019-09-07T03:05:19Z,2020-01-16T05:05:25Z,0
899,679,2018-04-06T10:28:29Z,2020-07-29T13:40:51Z,1
834,571,2018-01-20T11:44:21Z,2021-03-13T21:25:46Z,0
158,755,2019-05-01T04:54:40Z,2021-11-06T21:55:03Z,0
930,799,2018-05-02T15:08:04Z,2020-09-17T17:54:19Z,1
959,304,2019-08-17T20:57:55Z,2021-07-23T15:35:25Z,1
702,731,2019-10-13T15:32:20Z,2021-09-18T17:25:07Z,0
436,561,2019-01-24T16:44:04Z,2020-03-13T10:06:36Z,1
692,795,2019-03-06T03:08:56Z,2021-02-23T01:20:55Z,0
1001,927,2018-07-24T15:10:24Z,2020-07-16T06:01:32Z,0
755,416,2018-01-23T13:31:02Z,2020-05-02T04:37:40Z,0
204,928,2018-07-24T21:46:29Z,2020-01-02T06:32:43Z,1
883,192,2018-09-28T10:06:49Z,2020-07-16T06:51:20Z,0
1099,151,2019-09-15T13:17:35Z,2020-01-19T18:50:21Z,1
269,834,2018-06-16T01:24:38Z,2020-01-16T07:28:54Z,0
681,39,2019-03-03T18:39:11Z,2020-05-22T21:01:07Z,0
118,164,2018-05-15T16:27:34Z,2021-07-26T11:28:57Z,0
320,102,2019-05-15T14:51:41Z,2020-11-27T00:43:49Z,1
472,355,2019-02-10T18:00:53Z,2020-06-22T10:25:19Z,0
629,12,2019-09-06T21:06:13Z,2020-01-15T13:13:12Z,1
1011,929,2018-09-05T11:06:52Z,2020-08-22T14:55:43Z,1
702,443,2019-04-04T00:34:44Z,2020-07-21T06:52:38Z,1
434,819,2019-03-06T23:56:49Z,2021-03-22T10:22:52Z,1
146,866,2018-08-13T01:33:36Z,2020-10-28T18:42:07Z,1
896,924,2019-12-28T10:49:12Z,2020-08-06T04:57:50Z,0
812,6,2019-03-22T01:44:40Z,2021-11-15T17:48:20Z,1
671,209,2019-07-24T03:23:34Z,2020-08-24T22:51:54Z,1
212,629,2019-08-06T00:15:08Z,2021-08-12T07:58:32Z,1
679,535,2019-02-26T15:13:56Z,2020-12-28T15:47:05Z,0
165,711,2018-12-27T10:20:40Z,2021-05-24T15:32:28Z,0
944,391,2018-09-11T18:58:51Z,2021-01-15T18:51:28Z,0
787,665,2018-11-23T09:49:54Z,2020-04-19T21:48:54Z,0
20,822,2018-10-13T20:47:22Z,2021-06-20T03:09:39Z,0
977,208,2019-05-29T17:27:47Z,2021-12-30T12:23:36Z,1
352,634,2019-02-04T17:20:31Z,2020-11-06T01:05:59Z,0
490,81,2018-05-21T03:36:08Z,2021-06-02T13:07:16Z,0
894,430,2019-05-08T09:16:10Z,2020-04-26T19:12:58Z,0
105,591,2019-11-05T15:38:02Z,2021-03-21T12:04:27Z,0
953,397,2019-11-22T01:04:52Z,2021-11-15T07:15:15Z,0
893,973,2018-08-14T01:51:20Z,2020-02-08T21:41:05Z,1
519,808,2018-12-02T03:41:43Z,2021-11-14T10:27:43Z,0
1030,800,2018-07-06T14:01:29Z,2021-08-07T17:32:40Z,0
321,680,2018-08-21T23:42:47Z,2020-10-23T13:58:33Z,1
194,771,2018-08-02T15:12:27Z,2020-02-02T23:19:53Z,0
695,381,2018-04-15T02:22:44Z,2021-12-09T10:06:29Z,1
210,698,2019-10-12T14:54:22Z,2021-04-26T16:23:20Z,0
1064,648,2019-07-12T09:46:31Z,2021-01-16T11:56:37Z,0
1093,832,2019-03-08T19:56:21Z,2021-04-10T14:49:46Z,1
361,722,2018-10-04T15:33:50Z,2021-10-18T06:30:19Z,0
790,355,2019-10-01T18:50:31Z,2020-03-26T17:29:30Z,1
655,439,2019-06-30T08:24:41Z,2021-11-22T18:07:51Z,1
99,667,2019-03-13T20:42:44Z,2020-01-07T01:04:25Z,0
586,251,2019-08-19T21:16:55Z,2020-09-23T12:58:36Z,0
306,39,2019-08-04T10:02:23Z,2020-07-31T21:34:02Z,0
1027,598,2019-07-27T04:07:47Z,2020-02-18T05:05:18Z,1
136,466,2018-01-19T06:30:15Z,2020-08-02T03:24:21Z,0
818,940,2019-03-02T22:05:26Z,2020-07-14T22:16:24Z,1
483,571,2019-05-06T17:27:06Z,2021-04-06T15:34:30Z,1
468,895,2019-10-16T06:36:07Z,2021-08-04T04:31:16Z,1
257,240,2018-09-01T23:28:15Z,2021-08-07T23:11:26Z,0
695,641,2018-01-03T05:12:22Z,2020-10-08T10:08:32Z,1
445,332,2018-09-18T14:38:39Z,2021-04-08T14:24:16Z,0
707,608,2018-10-06T18:43:33Z,2020-03-24T12:42:10Z,0
339,417,2019-02-25T20:55:11Z,2020-09-08T20:51:50Z,0
178,289,2019-03-13T11:30:24Z,2020-08-24T00:04:55Z,0
447,383,2019-05-16T08:00:09Z,2020-03-22T12:58:36Z,1
240,836,2019-10-03T11:52:18Z,2021-10-26T00:13:35Z,1
524,558,2018-06-11T11:58:45Z,2020-05-17T07:10:55Z,0
473,169,2019-07-31T07:14:05Z,2020-07-04T01:47:09Z,0
462,248,2018-08-18T17:20:21Z,2020-12-20T03:53:15Z,1
119,660,2018-10-12T13:28:32Z,2020-09-26T07:46:41Z,1
701,975,2018-06-21T11:16:03Z,2021-09-14T18:12:39Z,1
330,203,2018-07-27T09:20:05Z,2020-12-02T23:28:19Z,0
972,758,2018-06-23T04:37:13Z,2021-10-16T10:21:13Z,1
949,362,2019-11-21T07:30:01Z,2020-10-14T20:50:38Z,0
923,329,2018-12-06T02:32:43Z,2021-05-29T06:52:57Z,1
466,425,2018-04-03T07:04:14Z,2020-08-10T13:04:05Z,1
492,350,2019-02-04T05:25:52Z,2020-08-06T04:54:36Z,1
1069,700,2019-09-16T01:10:49Z,2020-04-05T01:36:11Z,0
226,90,2018-10-21T21:42:39Z,2021-07-24T08:30:02Z,0
529,598,2019-02-10T03:27:05Z,2021-10-18T01:25:07Z,0
744,158,2019-06-08T09:32:24Z,2021-04-26T09:18:23Z,1
316,820,2018-05-04T06:29:52Z,2020-01-16T14:24:51Z,1
910,793,2019-03-10T02:32:26Z,2021-12-31T17:39:57Z,0
263,469,2018-09-18T13:16:06Z,2021-11-12T10:04:00Z,1
465,310,2018-12-03T19:56:30Z,2021-04-03T02:00:15Z,0
956,262,2019-02-26T02:10:02Z,2020-06-10T13:04:50Z,0
20,363,2019-12-29T03:58:19Z,2021-04-28T18:37:18Z,1
380,378,2018-02-01T00:20:53Z,2021-06-11T05:04:31Z,1
765,932,2018-03-11T09:54:48Z,2021-10-23T18:47:03Z,1
682,572,2019-09-30T02:14:23Z,2020-04-09T15:33:21Z,0
305,726,2018-09-12T17:23:49Z,2020-02-05T20:52:31Z,0
695,739,2018-06-25T08:52:24Z,2020-06-26T19:47:42Z,0
90,137,2018-12-07T22:41:02Z,2020-05-04T05:27:20Z,1
1080,538,2018-10-06T19:18:47Z,2021-05-06T19:16:30Z,0
825,711,2018-03-03T15:50:30Z,2020-09-16T11:44:32Z,1
504,130,2018-10-20T21:01:16Z,2020-10-29T23:50:47Z,0
1036,843,2018-09-02T06:17:10Z,2020-06-20T07:05:20Z,0
796,329,2019-04-01T17:33:52Z,2020-05-14T06:46:31Z,1
534,538,2018-09-07T16:21:48Z,2020-05-07T04:30:42Z,1
304,605,2019-07-14T13:45:37Z,2021-01-03T00:11:24Z,1
408,414,2019-01-29T15:13:38Z,2020-05-26T00:54:54Z,0
396,115,2018-09-28T22:37:58Z,2021-04-09T09:36:45Z,1
724,436,2018-10-20T14:59:17Z,2020-09-09T15:09:56Z,0
372,838,2019-05-16T16:21:03Z,2021-04-24T10:31:01Z,0
689,763,2018-05-02T22:12:20Z,2020-03-25T16:46:31Z,0
1029,849,2019-09-05T12:59:11Z,2021-10-27T13:36:00Z,0
762,846,2018-08-04T09:52:18Z,2020-03-16T03:34:03Z,1
639,976,2019-02-12T11:56:26Z,2021-04-08T07:36:49Z,0
937,50,2018-08-15T17:59:07Z,2021-04-30T07:18:52Z,0
277,211,2018-10-10T17:10:02Z,2020-11-24T04:05:24Z,0
571,718,2019-06-01T06:16:52Z,2021-06-26T17:10:04Z,0
301,709,2019-05-27T11:40:05Z,2021-05-02T09:08:18Z,1
884,140,2019-09-22T15:28:04Z,2020-08-15T05:03:17Z,0
782,888,2018-05-09T02:36:21Z,2020-07-16T02:37:10Z,1
1052,422,2018-11-15T01:23:41Z,2021-01-15T05:33:49Z,0
689,695,2019-09-01T20:28:55Z,2021-10-05T23:30:20Z,0
945,891,2018-10-21T09:47:29Z,2020-12-21T00:12:19Z,0
115,957,2018-04-02T00:25:49Z,2020-09-10T20:36:16Z,1
478,617,2019-12-09T21:53:46Z,2020-11-29T06:28:01Z,1
622,636,2018-09-06T12:30:34Z,2021-04-09T02:42:23Z,1
270,375,2018-02-15T04:07:30Z,2020-01-17T18:29:45Z,1
595,151,2018-04-02T07:23:15Z,2021-05-21T12:23:38Z,0
323,495,2019-07-03T04:01:02Z,2020-02-18T11:40:46Z,0
570,279,2019-11-16T00:09:42Z,2021-08-19T08:19:21Z,0
792,556,2018-01-25T23:46:55Z,2020-12-08T06:47:42Z,0
840,82,2019-05-04T21:52:29Z,2021-09-29T16:43:05Z,1
404,391,2018-06-11T21:03:38Z,2020-09-01T20:31:01Z,1
392,446,2019-02-25T21:12:58Z,2020-01-26T14:52:49Z,0
119,598,2018-10-12T04:46:14Z,2021-02-20T08:39:48Z,1
688,54,2019-08-04T08:01:42Z,2021-04-13T14:48:46Z,0
689,940,2018-04-11T10:46:11Z,2021-01-30T17:22:09Z,0
566,658,2018-03-07T11:46:50Z,2021-12-04T09:15:57Z,1
1013,146,2019-12-12T10:21:16Z,2020-09-28T09:39:05Z,1
714,658,2018-03-03T04:06:12Z,2021-10-10T06:56:57Z,0
19,314,2019-03-22T08:12:50Z,2020-07-31T14:51:20Z,1
594,937,2018-04-20T12:45:37Z,2021-04-20T04:57:31Z,0
143,160,2019-06-29T07:58:02Z,2020-03-08T05:05:22Z,1
80,904,2018-05-08T00:36:33Z,2021-07-23T12:28:50Z,0
458,186,2019-05-17T19:33:39Z,2020-03-05T06:25:38Z,1
304,171,2018-03-13T05:30:55Z,2021-04-26T15:37:20Z,0
937,493,2019-07-20T03:05:55Z,2020-11-02T03:04:15Z,1
165,845,2018-04-17T14:47:53Z,2021-09-20T23:57:35Z,1
1094,657,2019-04-09T05:41:54Z,2021-06-17T07:58:10Z,0
658,328,2018-01-28T20:04:11Z,2021-06-08T16:07:50Z,1
864,920,2018-09-20T23:04:42Z,2020-08-11T22:13:23Z,1
446,156,2018-03-03T22:11:33Z,2021-02-20T16:55:18Z,0
643,171,2019-08-15T06:00:09Z,2021-11-11T19:48:28Z,0
51,943,2019-09-18T22:51:55Z,2020-07-13T23:15:12Z,1
931,479,2019-07-15T04:13:17Z,2021-06-14T19:32:00Z,1
952,887,2018-02-28T17:11:12Z,2020-02-14T16:58:10Z,0
38,689,2018-03-14T01:47:50Z,2021-07-05T00:38:20Z,0
979,302,2019-02-12T01:42:09Z,2021-02-19T16:54:33Z,1
483,751,2018-02-11T21:31:24Z,2020-11-04T03:02:22Z,0
337,193,2019-06-05T10:11:45Z,2021-08-09T18:32:38Z,1
327,144,2018-12-13T05:01:08Z,2020-07-18T02:35:37Z,0
927,679,2019-05-11T21:20:27Z,2021-01-20T07:20:48Z,0
264,134,2019-08-27T13:22:00Z,2021-10-16T22:00:38Z,0
1092,492,2018-02-15T19:14:24Z,2020-02-13T13:46:44Z,0
643,901,2019-05-24T07:47:36Z,2020-02-26T01:10:35Z,0
862,921,2018-06-14T14:01:43Z,2021-12-13T19:04:46Z,0
780,569,2019-02-01T19:30:51Z,2020-08-06T03:20:55Z,0
736,196,2019-12-26T08:25:20Z,2021-07-01T12:00:08Z,1
709,876,2018-07-03T18:01:55Z,2021-07-24T04:25:52Z,0
450,620,2019-02-23T07:12:48Z,2021-06-30T03:55:56Z,0
1091,115,2019-10-04T12:45:37Z,2020-10-22T21:59:47Z,1
734,912,2019-10-25T20:08:52Z,2021-03-05T03:34:07Z,0
962,888,2018-12-26T21:57:26Z,2021-01-07T06:49:14Z,1
687,800,2018-02-25T05:18:40Z,2020-10-15T22:28:00Z,1
1071,370,2019-09-08T16:54:44Z,2021-05-03T06:59:27Z,0
85,458,2019-02-02T10:44:28Z,2021-09-04T07:36:21Z,0
306,670,2019-10-29T06:45:30Z,2021-11-06T19:33:45Z,1
671,354,2019-07-17T21:07:27Z,2021-12-08T05:01:27Z,1
654,457,2019-10-15T04:23:43Z,2021-07-14T23:21:58Z,1
819,337,2018-12-02T18:49:35Z,2021-04-18T23:26:27Z,1
571,700,2019-06-13T02:54:23Z,2020-01-19T07:30:10Z,1
625,262,2019-08-14T03:10:10Z,2021-04-05T08:09:08Z,0
1052,25,2019-11-15T20:36:15Z,2021-03-14T13:15:12Z,0
501,202,2018-06-03T16:58:29Z,2020-10-21T14:24:05Z,1
674,318,2018-11-23T17:47:48Z,2020-01-11T17:52:21Z,1
917,803,2019-02-06T12:00:27Z,2021-03-23T10:15:02Z,1
351,488,2018-01-12T04:56:17Z,2020-12-10T11:25:04Z,0
145,314,2019-05-19T17:18:39Z,2021-06-05T13:51:30Z,1
442,699,2018-09-05T09:19:38Z,2021-10-09T22:53:14Z,0
1087,534,2018-12-24T04:22:38Z,2021-10-23T04:30:13Z,1
874,801,2018-10-13T10:20:01Z,2021-10-30T17:52:40Z,1
613,47,2018-01-20T12:20:41Z,2020-07-10T09:09:55Z,0
588,975,2018-09-01T21:47:46Z,2021-09-30T01:16:14Z,1
896,972,2019-06-03T06:31:36Z,2021-10-06T12:25:35Z,0
77,648,2019-07-27T23:48:33Z,2020-12-13T11:19:24Z,0
287,411,2019-07-13T21:58:24Z,2021-05-21T13:34:15Z,0
332,2,2019-07-28T08:48:13Z,2021-11-13T18:11:08Z,1
526,264,2019-09-30T17:36:04Z,2020-02-20T13:26:06Z,1
716,819,2019-12-07T09:56:59Z,2020-12-05T05:03:20Z,1
34,528,2019-11-25T16:29:34Z,2021-04-14T23:29:09Z,1
809,759,2018-02-05T12:03:41Z,2021-02-13T21:32:23Z,1
408,758,2019-05-13T11:59:50Z,2020-04-08T09:52:02Z,1
79,523,2018-02-24T19:26:03Z,2020-07-28T20:43:55Z,0
555,788,2019-05-27T03:08:15Z,2020-11-23T12:31:46Z,0
253,886,2019-11-19T00:36:22Z,2020-03-10T00:32:18Z,0
152,682,2019-12-07T10:18:43Z,2021-11-30T22:23:26Z,1
580,536,2019-01-31T22:20:20Z,2020-04-10T02:24:09Z,0
766,986,2019-10-06T00:04:11Z,2021-04-23T03:08:39Z,0
689,470,2018-05-22T05:19:17Z,2021-08-09T17:41:48Z,1
512,928,2018-03-19T14:30:43Z,2021-10-07T06:32:46Z,0
694,274,2019-03-26T07:50:38Z,2020-07-28T09:01:02Z,0
911,410,2018-05-02T18:43:27Z,2020-01-21T01:42:51Z,0
72,982,2018-07-17T08:15:42Z,2021-08-24T02:06:49Z,0
511,747,2018-08-28T12:12:30Z,2021-12-24T23:14:17Z,1
347,885,2019-04-09T19:02:36Z,2020-05-28T07:19:03Z,0
56,730,2018-06-23T18:44:07Z,2021-05-15T19:42:46Z,1
776,815,2018-02-10T18:34:49Z,2021-08-16T14:19:12Z,0
826,347,2019-09-03T11:32:39Z,2021-07-17T22:12:04Z,0
479,383,2019-11-05T14:21:55Z,2021-10-21T11:30:16Z,0
1072,642,2019-08-17T23:38:48Z,2020-07-12T08:47:23Z,1
123,815,2018-10-21T14:51:22Z,2021-12-20T21:50:50Z,0
409,762,2019-11-03T13:43:39Z,2020-08-31T12:49:37Z,0
503,251,2019-10-20T00:59:23Z,2021-01-31T03:35:35Z,0
632,102,2019-01-26T18:29:32Z,2020-07-10T07:25:03Z,0
648,276,2019-02-09T19:28:07Z,2021-05-19T13:19:48Z,0
773,906,2019-02-21T09:49:56Z,2021-12-06T22:27:46Z,1
611,508,2019-02-13T11:49:09Z,2020-03-28T11:07:48Z,1
948,864,2018-05-19T06:54:06Z,2021-06-28T02:35:50Z,0
405,278,2019-10-16T18:37:24Z,2020-02-04T20:44:10Z,1
610,261,2018-09-06T22:22:32Z,2021-06-30T02:55:17Z,1
251,401,2018-11-02T14:15:20Z,2021-09-20T17:38:45Z,1
835,735,2019-08-08T02:08:06Z,2020-06-16T15:28:36Z,0
1031,368,2019-04-07T06:11:22Z,2021-11-20T12:42:40Z,1
697,448,2019-02-11T11:05:51Z,2021-03-30T01:15:26Z,0
89,611,2018-12-05T13:43:56Z,2021-10-29T09:56:44Z,1
902,665,2019-06-18T07:43:51Z,2020-03-08T06:56:05Z,0
315,663,2018-11-01T22:34:30Z,2020-10-27T23:21:00Z,1
725,856,2018-05-15T01:23:16Z,2021-05-03T16:28:54Z,1
1061,508,2018-06-09T01:04:10Z,2020-03-06T13:16:38Z,1
250,326,2018-06-20T03:56:51Z,2021-08-19T18:59:46Z,1
415,349,2018-06-08T22:59:02Z,2020-02-23T05:21:42Z,0
1033,578,2019-02-02T04:57:12Z,2021-04-09T18:54:37Z,1
257,644,2018-01-05T19:18:49Z,2020-03-22T22:26:54Z,0
600,886,2019-05-29T14:07:17Z,2021-09-06T18:56:14Z,1
143,991,2019-04-18T14:15:08Z,2021-04-05T01:56:15Z,0
1045,523,2018-05-12T20:47:46Z,2020-02-12T17:47:34Z,0
327,284,2019-10-18T06:30:49Z,2020-02-08T12:48:41Z,1
1058,368,2019-03-04T12:54:31Z,2020-09-02T04:34:23Z,1
579,799,2018-05-13T16:20:55Z,2021-02-16T22:03:53Z,0
516,881,2018-10-30T15:22:51Z,2020-12-12T22:36:41Z,1
141,38,2019-04-12T02:11:18Z,2020-07-22T20:40:15Z,0
584,624,2018-06-17T15:38:56Z,2021-02-20T03:41:38Z,0
268,41,2018-05-05T07:27:27Z,2020-08-14T09:07:14Z,0
283,806,2019-11-10T03:05:58Z,2021-11-10T08:35:48Z,0
774,648,2018-01-15T13:57:18Z,2021-03-29T23:25:29Z,0
235,201,2019-04-08T06:44:47Z,2021-02-22T21:32:17Z,1
700,511,2018-08-04T17:15:30Z,2021-02-07T19:51:06Z,0
458,493,2018-01-14T16:37:53Z,2021-03-24T07:22:10Z,1
162,297,2019-02-14T21:46:09Z,2021-05-27T05:18:29Z,1
103,353,2019-12-05T08:07:54Z,2020-12-30T20:07:16Z,0
281,212,2019-04-09T14:25:39Z,2020-03-17T18:58:18Z,1
247,14,2018-09-30T08:44:59Z,2021-05-30T18:14:14Z,1
861,348,2019-12-25T23:28:51Z,2020-02-22T02:23:35Z,0
894,151,2018-10-28T22:32:05Z,2020-09-01T07:39:47Z,1
178,345,2019-04-20T03:51:45Z,2020-06-22T00:04:40Z,1
318,37,2018-04-11T12:59:53Z,2021-05-03T19:58:23Z,1
1071,793,2019-10-02T10:44:11Z,2020-09-22T12:14:31Z,1
230,493,2018-03-24T10:45:37Z,2021-10-25T23:38:58Z,1
811,303,2019-04-16T16:14:35Z,2020-02-16T03:57:29Z,0
106,431,2018-09-25T06:48:52Z,2020-10-13T17:28:26Z,1
673,670,2018-01-04T05:39:44Z,2020-03-20T05:42:49Z,1
47,652,2018-03-08T19:13:50Z,2020-06-05T03:54:31Z,0
469,412,2018-12-05T03:47:45Z,2020-05-15T13:17:23Z,0
495,550,2019-03-04T03:37:49Z,2021-10-02T00:07:03Z,0
1042,701,2019-09-29T13:44:51Z,2021-08-02T23:47:01Z,0
145,503,2018-07-06T09:31:03Z,2021-12-24T08:22:56Z,0
762,127,2019-08-07T13:08:29Z,2020-07-13T15:54:36Z,1
322,139,2019-03-07T03:38:00Z,2020-09-22T04:13:22Z,0
954,975,2019-06-22T07:48:10Z,2021-04-22T16:45:56Z,0
570,551,2018-01-11T19:20:08Z,2020-09-13T15:44:55Z,0
1059,503,2018-07-03T19:06:35Z,2021-03-26T07:19:52Z,0
678,235,2019-09-21T20:11:30Z,2020-12-04T00:42:27Z,0
372,248,2018-04-18T22:14:52Z,2020-09-07T18:47:31Z,0
465,241,2018-03-08T13:00:47Z,2020-12-02T11:43:26Z,0
1097,203,2018-05-23T03:48:23Z,2020-09-27T17:59:24Z,1
655,597,2018-10-11T21:12:07Z,2020-05-24T18:18:09Z,1
1092,848,2018-04-16T22:19:56Z,2020-12-09T10:27:47Z,0
281,770,2018-09-13T00:45:12Z,2020-07-31T14:09:24Z,1
674,190,2018-08-17T10:46:19Z,2020-04-08T20:08:05Z,1
107,861,2019-08-03T03:00:54Z,2021-07-15T15:27:31Z,0
155,392,2019-12-05T03:36:36Z,2020-06-07T18:29:44Z,0
830,845,2018-04-16T02:11:11Z,2020-11-11T22:47:28Z,1
619,824,2019-11-24T17:37:04Z,2021-09-16T20:20:35Z,1
841,180,2019-08-25T11:46:58Z,2021-01-09T22:16:38Z,0
319,770,2018-03-18T12:26:15Z,2020-11-21T07:39:55Z,0
453,114,2018-02-01T14:35:30Z,2021-07-19T15:58:45Z,1
3,867,2019-12-24T10:28:21Z,2020-03-20T16:14:41Z,0
745,969,2018-07-24T07:36:58Z,2021-06-16T03:27:28Z,1
699,404,2019-09-05T06:18:22Z,2020-08-07T07:39:05Z,0
1029,341,2018-08-10T14:54:30Z,2020-04-01T17:12:40Z,0
427,355,2019-04-25T03:22:52Z,2021-08-31T02:59:55Z,1
416,720,2019-11-13T16:22:18Z,2021-12-17T20:55:42Z,1
1052,699,2019-02-17T22:05:01Z,2020-09-23T14:51:41Z,1
1007,798,2019-10-28T14:51:18Z,2020-06-24T05:04:33Z,0
940,160,2019-10-28T03:58:40Z,2021-08-25T10:54:38Z,0
958,192,2018-10-12T06:54:25Z,2021-09-27T19:58:10Z,1
897,905,2019-07-05T00:24:44Z,2021-08-27T11:27:11Z,0
573,788,2019-07-31T15:03:00Z,2020-09-14T19:16:16Z,1
128,373,2018-05-07T00:55:19Z,2020-08-15T04:52:02Z,1
487,111,2019-09-12T13:59:23Z,2020-08-24T08:38:25Z,1
318,716,2018-09-07T04:28:42Z,2021-04-19T03:33:59Z,1
691,998,2018-03-13T23:50:14Z,2021-03-13T03:29:52Z,0
352,308,2019-03-04T10:42:15Z,2021-11-05T23:44:16Z,1
724,452,2019-07-04T02:38:50Z,2021-03-22T18:51:58Z,1
172,183,2019-06-29T02:10:11Z,2020-09-28T04:10:08Z,0
667,33,2019-04-26T21:09:49Z,2021-12-24T16:09:37Z,0
1096,279,2018-08-18T02:34:03Z,2020-02-02T00:43:47Z,0
773,530,2018-06-12T08:55:53Z,2021-01-25T10:44:17Z,1
226,704,2019-01-02T12:37:56Z,2021-01-13T12:21:36Z,1
871,551,2019-11-30T14:59:07Z,2021-07-08T14:06:44Z,0
264,101,2019-11-30T14:59:23Z,2021-01-28T00:34:48Z,0
581,320,2018-06-16T03:34:55Z,2021-07-22T16:08:13Z,1
1078,729,2019-01-29T03:53:24Z,2020-08-22T12:51:43Z,0
384,290,2019-04-08T04:55:53Z,2021-08-09T19:00:00Z,0
207,819,2018-10-12T23:33:03Z,2021-05-05T11:35:51Z,1
367,76,2018-08-06T10:50:31Z,2020-04-23T20:01:18Z,0
978,993,2019-06-14T17:34:55Z,2021-01-23T01:29:14Z,1
404,753,2018-07-08T03:07:21Z,2021-07-12T00:23:48Z,1
146,115,2019-07-04T13:17:10Z,2021-10-01T03:54:14Z,0
787,462,2018-11-19T18:01:10Z,2021-12-10T07:55:16Z,0
777,152,2019-05-07T04:22:14Z,2020-10-18T03:20:12Z,1
302,377,2019-04-11T10:19:25Z,2021-06-02T16:37:24Z,1
892,757,2019-01-06T23:29:08Z,2020-10-15T21:30:50Z,0
794,777,2018-02-01T18:42:55Z,2020-03-11T12:46:46Z,1
559,794,2018-12-03T09:04:18Z,2020-11-17T19:29:03Z,1
125,986,2018-10-31T01:12:20Z,2021-03-24T20:40:58Z,0
727,531,2018-05-14T06:55:19Z,2021-12-17T01:40:15Z,0
885,695,2018-10-27T02:04:04Z,2020-05-04T01:03:59Z,1
110,940,2018-04-23T13:27:51Z,2021-11-26T20:44:20Z,0
803,577,2018-06-05T08:23:04Z,2021-04-30T22:16:44Z,1
903,304,2019-07-02T01:17:22Z,2021-08-23T09:47:10Z,0
650,142,2019-05-10T08:19:18Z,2021-11-12T02:18:07Z,0
582,287,2019-05-05T15:19:21Z,2021-01-31T05:16:39Z,1
1019,677,2018-12-10T21:37:12Z,2020-05-10T13:14:16Z,1
804,834,2019-01-08T06:30:34Z,2020-06-09T00:48:12Z,1
574,211,2018-08-28T02:25:36Z,2020-02-19T03:11:02Z,0
441,752,2018-06-24T06:11:06Z,2020-02-08T01:49:21Z,1
788,389,2018-04-12T06:58:14Z,2020-12-15T15:16:13Z,1
396,186,2019-11-22T22:54:13Z,2020-02-21T16:49:05Z,1
216,962,2019-11-22T00:41:37Z,2020-10-18T05:24:41Z,1
310,196,2018-01-01T06:17:05Z,2020-09-18T16:27:20Z,0
244,985,2018-05-08T02:53:05Z,2021-02-28T11:08:57Z,1
185,694,2018-02-06T10:54:16Z,2021-11-05T01:36:20Z,0
1094,518,2018-02-20T14:48:43Z,2020-06-28T23:08:47Z,0
735,92,2018-10-10T14:25:03Z,2020-11-25T13:03:03Z,0
684,256,2018-10-21T10:07:58Z,2021-02-21T03:52:00Z,1
520,940,2018-04-12T07:09:34Z,2020-10-01T17:38:44Z,0
17,560,2018-07-06T16:40:10Z,2020-02-12T04:19:17Z,0
285,721,2018-06-19T02:33:29Z,2021-04-14T10:50:36Z,1
210,771,2018-06-14T20:05:34Z,2021-12-27T00:45:47Z,1
483,565,2018-10-06T07:45:50Z,2021-05-07T07:14:44Z,1
976,66,2018-10-08T04:19:00Z,2021-04-13T10:24:59Z,1
206,316,2018-07-29T23:38:55Z,2020-05-11T08:11:18Z,0
754,371,2018-09-17T18:41:24Z,2020-05-11T20:54:36Z,0
32,460,2019-04-03T16:35:19Z,2021-12-15T05:10:24Z,0
870,799,2018-11-07T14:59:41Z,2020-05-22T16:43:46Z,1
1017,842,2018-01-22T15:41:06Z,2021-02-13T19:24:48Z,1
730,219,2019-01-20T08:49:58Z,2020-09-20T10:48:29Z,0
204,423,2019-08-25T06:43:13Z,2021-04-24T18:07:50Z,1
391,973,2018-10-08T02:44:51Z,2020-04-14T07:42:53Z,1
378,15,2019-12-23T05:03:20Z,2021-03-19T23:29:35Z,1
1073,281,2018-01-02T22:15:13Z,2020-03-12T16:38:12Z,1
783,946,2018-07-07T18:07:09Z,2021-02-13T18:04:06Z,1
946,345,2018-11-30T03:49:03Z,2021-10-22T14:34:40Z,0
525,719,2018-06-21T22:03:12Z,2020-09-07T09:38:40Z,1
861,719,2018-03-04T08:57:36Z,2021-10-07T18:45:12Z,0
84,706,2018-07-14T22:49:25Z,2020-04-07T10:42:57Z,0
468,963,2019-04-27T03:02:34Z,2020-08-13T04:43:10Z,1
469,1000,2019-03-01T03:32:23Z,2021-08-30T21:21:25Z,1
178,703,2019-03-08T10:14:14Z,2021-09-02T22:22:47Z,1
1013,385,2018-03-18T09:33:16Z,2020-12-30T03:49:33Z,1
763,71,2018-01-05T17:49:01Z,2021-09-17T15:26:36Z,0
995,354,2018-04-05T16:51:55Z,2021-10-28T12:45:55Z,1
10,447,2019-06-10T20:51:01Z,2020-05-03T17:07:31Z,1
221,857,2019-02-25T00:28:49Z,2020-12-23T03:50:10Z,1
1007,196,2018-07-23T11:35:46Z,2021-05-18T20:32:04Z,1
455,787,2019-07-15T00:12:11Z,2020-08-22T19:19:33Z,1
961,559,2018-10-30T14:31:45Z,2021-04-05T13:26:34Z,1
231,248,2019-07-04T05:58:12Z,2020-08-24T22:59:43Z,0
954,894,2019-07-28T17:54:16Z,2021-04-13T05:25:06Z,1
891,549,2018-02-20T13:30:10Z,2021-12-26T22:23:27Z,0
306,182,2019-07-02T16:00:08Z,2021-05-01T06:52:37Z,1
112,539,2018-01-23T10:10:33Z,2020-05-08T16:44:19Z,1
905,179,2018-06-18T18:44:14Z,2020-01-16T20:37:15Z,0
421,653,2018-09-28T20:53:39Z,2021-12-26T21:07:39Z,1
879,77,2018-04-04T23:09:01Z,2021-11-30T22:01:48Z,1
153,951,2019-07-31T17:46:34Z,2021-02-07T20:09:06Z,1
856,226,2019-02-12T16:44:12Z,2021-06-28T22:47:28Z,0
241,668,2019-12-02T05:51:36Z,2021-03-25T18:11:09Z,0
1011,165,2018-12-26T14:07:06Z,2021-04-05T15:52:48Z,1
338,769,2019-01-16T12:41:43Z,2020-02-26T22:16:39Z,1
44,315,2019-01-27T22:35:50Z,2021-01-17T04:57:15Z,1
384,97,2019-07-30T21:17:35Z,2021-01-26T22:31:15Z,1
445,178,2018-03-17T12:59:51Z,2021-01-11T04:31:53Z,0
815,509,2018-04-25T04:33:01Z,2021-07-14T15:53:56Z,0
684,895,2018-08-26T08:02:50Z,2021-09-06T09:26:36Z,0
493,436,2019-04-17T14:23:59Z,2021-05-31T12:58:42Z,0
800,106,2019-11-29T05:32:46Z,2021-10-14T16:06:32Z,0
218,333,2018-08-02T10:05:37Z,2020-10-29T17:51:31Z,0
1083,887,2018-01-26T18:03:40Z,2020-03-19T07:58:25Z,1
268,43,2019-05-18T13:32:53Z,2021-06-27T20:23:28Z,1
218,710,2019-11-05T03:23:04Z,2020-04-29T09:14:05Z,1
430,809,2019-03-19T23:43:17Z,2021-07-06T08:10:11Z,0
227,282,2018-10-28T02:04:46Z,2020-02-23T21:44:54Z,1
552,830,2018-06-07T11:08:19Z,2021-09-02T02:45:44Z,0
974,257,2019-07-21T16:50:14Z,2021-06-04T17:56:54Z,0
562,594,2018-07-20T09:51:02Z,2020-04-16T20:21:50Z,1
891,49,2018-10-23T04:35:19Z,2021-05-30T14:41:42Z,0
708,622,2018-02-02T04:37:11Z,2020-06-06T13:44:55Z,0
606,891,2018-10-19T07:46:11Z,2020-07-25T17:41:54Z,1
1026,124,2019-03-17T00:56:47Z,2021-12-01T16:01:52Z,0
20,722,2018-08-20T19:27:40Z,2021-01-20T16:20:11Z,0
889,840,2018-04-12T19:51:07Z,2021-11-04T20:46:37Z,0
1074,372,2019-11-11T20:01:55Z,2021-02-26T22:32:29Z,0
701,965,2018-11-10T14:01:06Z,2021-01-28T08:08:42Z,0
598,459,2018-04-26T01:29:23Z,2021-10-06T21:40:44Z,0
31,348,2018-10-16T01:26:57Z,2020-11-22T11:30:23Z,0
784,805,2019-04-08T20:03:36Z,2021-09-06T19:47:59Z,1
303,280,2018-06-14T16:49:05Z,2021-04-10T08:40:43Z,1
252,245,2019-09-29T21:21:33Z,2021-12-31T13:20:54Z,1
801,96,2018-04-15T05:39:39Z,2020-03-20T06:21:55Z,0
536,614,2019-05-21T16:07:29Z,2021-02-13T04:50:03Z,0
962,820,2019-11-18T13:30:44Z,2021-10-17T23:37:11Z,0
318,808,2018-09-19T12:14:13Z,2021-02-24T16:46:31Z,0
475,104,2019-03-20T16:06:09Z,2020-03-03T10:55:04Z,0
778,185,2019-08-21T00:56:33Z,2020-09-17T19:05:03Z,0
758,805,2018-11-16T05:23:37Z,2021-11-23T01:50:18Z,1
145,983,2018-03-08T11:43:12Z,2021-09-25T07:02:06Z,1
166,415,2019-06-08T18:55:32Z,2020-03-03T12:32:07Z,1
514,259,2018-08-17T08:58:42Z,2021-07-05T12:15:57Z,0
113,995,2019-10-04T06:18:16Z,2020-10-16T02:51:51Z,0
322,167,2019-02-12T00:38:02Z,2020-12-21T12:48:04Z,0
309,517,2019-07-07T12:46:25Z,2020-05-05T04:27:31Z,0
282,295,2019-11-30T15:38:10Z,2021-11-15T15:22:44Z,0
308,915,2018-07-26T05:18:52Z,2020-11-29T05:10:59Z,0
1066,75,2019-05-04T19:54:27Z,2020-06-09T15:54:42Z,0
441,519,2019-02-10T00:32:35Z,2020-05-06T05:42:06Z,0
31,582,2018-07-26T23:53:06Z,2020-04-04T03:34:23Z,0
159,318,2018-02-27T11:47:20Z,2020-03-01T18:39:05Z,0
200,252,2018-02-13T16:08:41Z,2021-07-27T05:23:49Z,0
612,666,2019-03-30T17:45:40Z,2020-07-02T20:56:22Z,0
92,44,2018-09-06T12:26:31Z,2020-03-11T08:59:29Z,0
701,205,2019-05-14T07:18:07Z,2020-02-23T19:49:05Z,1
986,663,2019-10-14T09:04:30Z,2021-02-18T08:01:08Z,0
176,510,2019-02-26T09:32:35Z,2020-10-02T07:49:01Z,0
574,677,2019-04-13T17:24:52Z,2020-05-27T07:12:58Z,1
233,602,2019-12-16T23:12:31Z,2021-12-22T08:53:19Z,1
69,111,2019-10-23T06:21:06Z,2020-12-27T13:52:26Z,0
367,890,2018-12-07T23:07:34Z,2021-02-11T06:16:19Z,0
304,75,2019-09-19T12:15:31Z,2020-04-01T04:09:00Z,1
106,143,2019-04-24T01:16:45Z,2020-08-19T02:15:12Z,0
681,621,2019-07-25T12:46:50Z,2020-11-24T02:17:32Z,0
890,777,2019-09-20T22:28:21Z,2021-12-04T23:59:33Z,0
706,324,2019-10-29T17:46:34Z,2021-08-01T19:05:56Z,1
450,666,2018-08-05T16:26:42Z,2021-02-23T08:11:20Z,0
160,364,2018-04-18T08:30:31Z,2021-09-13T00:18:26Z,0
822,802,2019-07-26T18:12:38Z,2021-08-08T18:26:57Z,0
551,64,2018-08-05T14:23:34Z,2020-06-15T00:46:20Z,1
108,907,2018-06-09T14:23:28Z,2020-09-03T11:34:26Z,1
52,199,2018-02-09T02:48:00Z,2021-07-08T15:49:50Z,1
738,860,2018-02-06T01:33:04Z,2021-10-31T15:53:25Z,1
558,665,2018-01-08T20:19:07Z,2020-12-15T18:59:01Z,0
88,495,2018-02-02T08:34:45Z,2021-07-22T10:48:59Z,0
735,76,2018-09-20T20:12:12Z,2020-12-02T18:36:18Z,1
622,247,2019-01-31T12:46:19Z,2021-12-07T13:40:37Z,0
213,236,2019-04-20T03:52:11Z,2020-09-22T18:14:24Z,0
561,607,2018-03-29T01:14:32Z,2020-09-05T08:03:12Z,1
285,402,2019-12-07T01:52:43Z,2021-05-16T09:24:10Z,1
312,836,2018-02-01T11:43:12Z,2020-02-04T11:11:25Z,0
833,223,2018-06-04T01:01:00Z,2020-02-07T15:37:12Z,0
574,823,2018-05-04T08:40:29Z,2020-05-08T11:31:23Z,0
421,472,2019-03-16T07:15:41Z,2020-02-10T04:11:08Z,1
353,914,2018-06-25T00:34:40Z,2021-04-20T07:43:00Z,0
718,195,2018-03-07T02:15:05Z,2020-10-09T18:04:56Z,0
268,959,2019-05-14T21:26:14Z,2021-11-23T11:53:15Z,1
921,454,2018-10-10T05:29:22Z,2021-01-08T09:20:51Z,1
22,246,2018-10-16T03:17:45Z,2021-12-08T00:37:47Z,1
498,28,2019-03-04T06:32:56Z,2020-07-06T14:44:32Z,0
369,913,2018-11-02T13:58:00Z,2020-12-29T15:45:06Z,1
1006,571,2018-09-17T12:23:19Z,2020-12-13T15:41:00Z,0
376,19,2019-09-15T16:40:10Z,2021-01-19T09:52:14Z,1
107,590,2019-01-20T22:52:01Z,2021-06-22T17:03:50Z,0
58,6,2018-01-20T07:48:24Z,2020-12-19T05:37:52Z,0
202,552,2019-12-29T06:49:18Z,2021-04-13T17:15:56Z,1
267,231,2019-09-28T05:22:10Z,2021-05-05T10:52:24Z,1
526,337,2018-03-13T20:16:08Z,2021-08-30T07:32:44Z,0
138,457,2019-10-13T21:28:17Z,2020-05-04T18:47:26Z,1
362,986,2019-07-29T22:29:38Z,2020-07-13T04:48:21Z,0
748,542,2019-08-26T07:25:55Z,2021-10-04T17:33:32Z,1
446,60,2018-11-03T17:55:48Z,2020-08-27T21:40:06Z,1
892,357,2019-02-09T23:17:49Z,2021-11-07T15:16:19Z,0
875,53,2018-10-30T19:06:47Z,2021-11-26T10:37:18Z,1
893,117,2018-02-03T18:08:05Z,2020-03-02T16:46:39Z,0
394,658,2018-05-23T09:02:26Z,2021-07-23T10:57:45Z,1
262,688,2018-07-20T04:02:33Z,2021-04-25T02:41:01Z,1
464,80,2019-01-11T19:15:04Z,2021-12-29T23:56:57Z,0
107,462,2019-07-08T21:06:52Z,2021-09-26T21:00:57Z,0
732,658,2018-10-16T21:15:12Z,2021-05-30T05:20:39Z,0
648,938,2018-02-12T04:09:36Z,2021-04-03T07:56:54Z,0
1010,985,2019-02-10T14:58:29Z,2021-05-16T13:28:30Z,0
234,613,2019-06-23T09:10:54Z,2020-01-27T11:00:09Z,1
369,520,2018-10-07T09:10:25Z,2021-09-20T22:49:36Z,0
202,965,2019-06-02T15:03:27Z,2020-10-11T12:06:23Z,1
20,978,2018-06-10T06:08:02Z,2021-03-18T10:08:21Z,1
484,558,2018-06-30T06:43:33Z,2020-08-23T13:46:15Z,1
95,184,2018-07-29T12:12:20Z,2020-06-29T02:22:13Z,1
25,226,2019-07-12T03:56:17Z,2020-08-22T05:29:02Z,0
649,746,2019-01-31T18:12:58Z,2020-05-09T03:36:36Z,1
44,975,2019-01-29T03:32:38Z,2020-07-10T19:14:52Z,0
667,433,2019-05-30T10:57:19Z,2020-10-26T00:55:12Z,0
87,894,2019-09-28T15:57:19Z,2021-01-18T08:59:28Z,1
870,864,2019-08-29T13:22:35Z,2020-10-18T14:40:37Z,0
488,632,2018-07-22T11:28:07Z,2021-03-28T09:22:45Z,0
11,92,2019-11-03T11:39:54Z,2021-12-20T03:50:47Z,0
471,357,2018-11-10T17:01:19Z,2020-01-26T12:24:42Z,0
35,425,2018-06-28T08:54:01Z,2020-09-13T19:25:51Z,1
1048,117,2019-06-15T22:40:14Z,2021-09-18T14:01:21Z,0
730,103,2018-04-18T23:44:05Z,2020-07-19T00:40:35Z,0
189,564,2019-04-28T13:01:43Z,2021-01-02T14:50:23Z,1
7,497,2018-03-12T08:03:33Z,2020-01-30T06:21:56Z,1
465,572,2018-09-19T16:45:37Z,2021-11-03T03:02:00Z,1
840,65,2018-02-23T14:38:48Z,2020-11-20T23:36:08Z,1
20,931,2018-08-16T16:25:52Z,2020-10-25T11:10:11Z,0
358,209,2019-06-09T12:51:57Z,2020-02-13T00:43:08Z,1
603,859,2019-04-12T07:32:38Z,2021-03-14T05:53:48Z,1
161,127,2019-07-28T13:24:55Z,2020-09-24T04:11:06Z,0
765,998,2018-11-17T10:01:21Z,2021-04-08T17:25:32Z,1
147,160,2019-07-26T23:03:51Z,2020-06-09T02:10:29Z,1
170,290,2019-11-02T02:10:51Z,2021-07-27T08:17:45Z,0
1023,40,2018-11-05T09:57:17Z,2021-08-22T01:54:07Z,1
104,19,2019-05-10T12:30:15Z,2021-07-09T23:49:33Z,1
127,70,2019-02-09T00:36:42Z,2020-12-29T20:23:57Z,0
491,373,2019-03-13T16:21:14Z,2020-04-19T08:35:26Z,0
708,501,2018-10-19T01:19:00Z,2020-11-26T05:41:05Z,0
1091,316,2018-05-03T01:21:07Z,2021-10-28T16:54:00Z,0
152,641,2018-11-16T13:04:15Z,2020-02-11T07:57:18Z,1
414,859,2019-02-10T17:33:33Z,2021-10-08T08:53:13Z,0
233,296,2018-05-07T20:37:52Z,2021-07-05T18:37:28Z,0
510,896,2018-10-01T08:50:58Z,2021-12-03T19:34:46Z,1
450,880,2019-11-19T16:02:30Z,2020-08-28T03:23:37Z,1
972,921,2018-10-31T07:03:06Z,2021-08-31T23:18:57Z,0
542,631,2019-06-03T10:22:42Z,2021-09-04T17:32:37Z,0
934,459,2018-10-27T00:37:58Z,2020-04-11T23:10:30Z,0
771,472,2018-10-20T04:38:10Z,2021-01-20T13:59:26Z,0
98,481,2018-03-29T16:08:15Z,2020-02-18T09:48:36Z,0
51,880,2019-10-06T06:40:42Z,2020-06-23T17:25:35Z,0
922,876,2018-11-03T05:32:18Z,2021-10-29T03:27:07Z,0
261,207,2018-05-03T06:35:45Z,2020-01-16T14:48:31Z,0
481,126,2018-07-26T00:10:32Z,2020-06-04T18:31:03Z,0
771,162,2018-02-24T11:54:48Z,2020-08-28T15:08:50Z,0
1093,540,2019-04-08T12:22:48Z,2020-08-03T06:25:57Z,0
822,506,2018-08-11T17:28:55Z,2021-01-19T22:57:51Z,0
1006,418,2019-02-22T22:25:05Z,2021-05-16T14:30:43Z,0
38,619,2019-04-20T10:03:20Z,2020-10-05T05:51:37Z,0
64,986,2018-07-13T22:24:57Z,2021-10-08T06:13:54Z,0
391,531,2018-08-14T14:50:41Z,2020-11-26T06:40:45Z,1
711,988,2019-06-16T09:38:49Z,2020-09-02T02:12:15Z,1
808,395,2019-09-17T18:31:03Z,2020-02-07T21:26:28Z,0
177,112,2018-05-23T06:31:36Z,2020-12-09T05:23:00Z,0
786,826,2018-06-02T02:36:39Z,2020-07-25T12:55:21Z,1
449,898,2019-05-18T07:47:52Z,2020-01-03T15:02:22Z,0
536,745,2019-02-27T12:28:36Z,2020-01-18T23:48:33Z,1
891,761,2019-04-30T00:25:45Z,2021-10-03T21:24:28Z,1
24,51,2019-12-06T11:16:28Z,2021-05-27T04:08:04Z,1
1009,887,2019-08-03T09:16:31Z,2021-05-14T21:04:28Z,1
736,751,2019-06-05T03:46:44Z,2021-03-29T17:43:44Z,1
1068,127,2019-05-07T00:00:48Z,2020-01-10T06:27:09Z,0
79,969,2018-10-12T14:24:21Z,2021-03-23T05:03:07Z,0
529,746,2018-03-24T14:38:52Z,2020-11-04T21:16:22Z,1
977,193,2019-08-22T05:06:45Z,2020-11-17T06:19:37Z,0
1082,339,2018-10-23T18:19:43Z,2021-10-21T18:59:35Z,1
693,864,2018-09-21T06:39:42Z,2021-10-07T16:50:06Z,0
274,395,2018-02-26T17:00:20Z,2020-08-18T04:05:37Z,0
199,889,2018-01-12T13:31:27Z,2021-01-21T20:43:48Z,1
763,850,2018-06-15T15:08:20Z,2020-02-18T04:49:35Z,0
1100,91,2019-11-16T23:25:42Z,2020-09-10T06:43:01Z,0
732,385,2019-06-13T16:45:16Z,2021-10-22T08:54:19Z,1
428,309,2018-07-05T12:55:03Z,2020-02-10T02:49:00Z,1
241,910,2018-09-11T02:32:38Z,2020-02-02T11:17:45Z,0
329,364,2018-05-14T11:29:02Z,2021-05-31T14:45:22Z,0
250,259,2019-04-13T06:28:44Z,2021-07-17T21:46:09Z,0
986,447,2019-08-20T02:18:56Z,2021-03-12T22:00:44Z,1
942,669,2019-09-18T04:24:08Z,2021-07-13T18:06:45Z,0
73,963,2019-07-20T08:34:49Z,2020-11-07T10:32:34Z,0
616,847,2018-06-24T01:32:20Z,2020-05-03T15:49:36Z,0
441,715,2018-04-26T18:33:56Z,2020-12-02T09:31:36Z,1
73,676,2018-02-08T12:35:59Z,2021-02-15T10:17:25Z,1
604,529,2019-04-12T12:52:30Z,2020-08-26T22:05:23Z,0
194,112,2019-03-10T09:01:49Z,2021-09-12T18:15:48Z,0
559,807,2019-08-31T16:22:20Z,2021-06-26T09:48:46Z,1
1067,783,2019-11-04T01:36:29Z,2020-05-23T18:51:58Z,0
5,476,2019-05-12T07:58:28Z,2021-06-28T07:53:01Z,0
470,732,2019-01-01T01:56:41Z,2020-05-20T05:51:25Z,0
199,864,2019-06-19T06:40:19Z,2020-12-24T11:06:58Z,1
626,129,2018-08-24T10:12:37Z,2020-07-25T00:39:43Z,1
278,904,2019-09-08T23:31:17Z,2020-03-03T01:22:25Z,0
239,887,2019-10-04T12:54:00Z,2020-05-20T10:36:02Z,1
178,384,2019-09-29T05:13:06Z,2021-07-14T02:05:52Z,1
925,742,2018-12-11T12:20:16Z,2021-01-08T17:36:37Z,1
965,495,2019-10-22T11:21:34Z,2021-03-31T12:39:00Z,0
228,929,2019-01-09T16:58:29Z,2020-10-29T13:09:12Z,1
156,43,2019-12-27T02:48:34Z,2020-06-22T17:43:44Z,1
335,218,2019-01-09T02:52:36Z,2020-11-07T21:41:56Z,1
349,707,2019-04-14T01:12:32Z,2021-04-24T09:24:06Z,0
521,857,2018-06-15T05:29:04Z,2021-05-03T19:38:52Z,0
120,647,2018-07-10T00:44:02Z,2020-09-26T12:40:01Z,1
647,98,2018-01-21T15:17:39Z,2020-05-01T13:29:50Z,0
965,226,2019-12-31T20:18:29Z,2021-01-02T06:05:20Z,0
967,688,2019-12-03T06:53:24Z,2020-09-25T04:44:59Z,0
832,117,2018-12-21T08:34:02Z,2020-08-11T07:03:11Z,1
247,780,2019-09-12T19:17:39Z,2021-12-19T22:47:50Z,0
6,604,2019-05-28T15:11:20Z,2020-12-23T15:02:40Z,0
789,427,2018-02-21T03:23:42Z,2020-03-14T06:42:55Z,0
1005,751,2018-02-12T20:37:03Z,2021-09-16T13:27:34Z,0
382,789,2019-03-28T17:46:46Z,2020-01-15T02:08:47Z,0
172,458,2019-06-20T16:27:17Z,2021-10-04T23:24:51Z,1
469,298,2018-07-11T09:53:56Z,2021-03-18T07:16:03Z,1
814,506,2019-05-26T15:00:27Z,2021-01-30T12:18:19Z,1
478,262,2018-01-30T15:03:30Z,2020-01-25T04:00:24Z,0
209,149,2019-09-10T15:05:11Z,2021-03-18T09:48:19Z,0
819,659,2018-09-24T04:54:44Z,2020-03-02T19:53:25Z,0
17,962,2019-02-28T22:30:29Z,2021-11-21T06:17:59Z,0
11,271,2018-03-15T11:33:42Z,2021-01-29T19:53:38Z,0
1087,798,2018-03-29T17:25:18Z,2020-03-05T22:10:55Z,1
676,352,2019-11-27T15:18:34Z,2021-08-09T16:21:32Z,0
458,261,2018-12-20T07:40:56Z,2020-07-01T03:30:22Z,0
131,208,2018-05-01T15:40:52Z,2021-06-27T02:09:09Z,0
988,143,2019-11-23T18:15:51Z,2021-12-04T06:38:59Z,1
1012,256,2019-12-15T06:59:04Z,2021-09-04T00:08:24Z,0
245,720,2018-08-18T08:57:05Z,2020-10-12T15:50:54Z,0
4,526,2018-05-26T20:45:24Z,2020-09-04T01:05:15Z,1
24,51,2019-05-08T09:52:13Z,2021-11-17T04:07:36Z,1
606,160,2019-03-08T03:23:47Z,2020-06-04T10:57:24Z,0
662,863,2019-05-03T10:47:29Z,2021-03-25T09:56:11Z,0
390,14,2018-11-30T06:01:33Z,2021-04-11T18:06:49Z,0
904,909,2018-09-14T16:05:36Z,2020-11-26T01:13:34Z,1
1057,275,2018-01-15T04:00:42Z,2020-08-09T22:23:51Z,0
655,639,2019-09-04T12:43:06Z,2021-05-03T11:10:45Z,0
901,203,2019-05-02T23:00:20Z,2021-05-30T22:46:46Z,1
632,973,2018-07-12T17:57:46Z,2020-03-31T01:07:18Z,0
594,733,2018-01-26T21:22:14Z,2020-10-22T10:22:11Z,0
693,274,2019-07-14T10:03:24Z,2021-02-14T09:37:41Z,0
913,208,2019-03-24T22:13:26Z,2021-09-15T14:31:35Z,1
402,210,2018-12-29T10:13:58Z,2021-05-06T01:19:07Z,0
622,73,2018-06-22T17:32:17Z,2020-11-28T20:59:08Z,1
178,869,2018-07-21T08:55:31Z,2021-08-27T22:44:54Z,1
926,247,2019-03-22T09:30:21Z,2020-01-11T17:32:26Z,0
203,741,2018-12-18T15:46:06Z,2021-10-13T00:59:52Z,0
380,270,2019-03-24T18:00:47Z,2020-02-05T06:27:15Z,1
829,148,2018-10-06T03:50:41Z,2020-11-10T10:29:13Z,0
132,171,2018-02-06T03:27:30Z,2021-10-29T16:40:04Z,1
637,26,2019-10-19T02:49:44Z,2021-04-29T01:29:13Z,1
979,476,2019-01-24T20:47:05Z,2020-08-24T20:14:50Z,1
626,438,2018-06-20T16:03:57Z,2021-11-26T20:21:24Z,0
553,422,2019-07-31T16:50:04Z,2020-06-30T10:48:59Z,0
435,984,2019-04-27T23:46:24Z,2021-02-02T23:19:28Z,0
219,18,2018-06-17T19:44:44Z,2021-11-29T12:51:47Z,0
914,613,2018-05-04T16:33:54Z,2020-06-04T15:22:05Z,0
206,837,2019-02-27T15:28:46Z,2021-07-21T04:17:25Z,1
13,961,2018-02-07T18:07:19Z,2020-06-12T01:42:39Z,0
239,20,2019-07-10T18:39:26Z,2021-05-04T19:32:40Z,0
56,970,2018-07-01T11:25:50Z,2021-12-10T10:40:06Z,1
850,132,2018-02-02T02:13:32Z,2020-03-14T17:47:02Z,0
618,635,2018-03-29T22:31:27Z,2021-01-09T20:05:29Z,1
376,610,2018-02-25T22:25:17Z,2021-02-03T15:36:59Z,1
435,417,2018-10-10T18:55:27Z,2021-06-03T00:01:50Z,0
456,772,2018-12-09T16:38:38Z,2020-02-05T00:14:23Z,1
271,568,2019-05-27T20:01:02Z,2021-03-18T03:24:47Z,0
668,890,2019-10-27T08:53:09Z,2021-05-03T06:51:49Z,0
935,269,2019-11-02T00:38:37Z,2021-08-27T09:52:20Z,1
34,361,2019-10-19T02:51:13Z,2021-10-23T03:30:29Z,0
264,95,2019-06-23T07:41:01Z,2021-08-08T11:02:19Z,1
242,88,2018-05-16T08:31:54Z,2021-08-20T13:30:36Z,0
750,435,2018-11-21T14:49:51Z,2020-11-28T03:53:45Z,0
8,847,2018-07-25T16:34:21Z,2021-02-05T20:47:00Z,0
235,920,2018-06-23T18:17:35Z,2021-03-31T00:41:06Z,0
926,317,2019-02-10T15:06:31Z,2020-11-08T23:39:48Z,1
335,651,2018-10-19T05:30:02Z,2021-03-03T15:23:13Z,1
355,793,2019-12-03T16:45:45Z,2020-01-29T04:42:34Z,0
317,433,2019-06-16T19:03:53Z,2021-06-18T23:39:38Z,1
512,221,2019-10-13T09:09:32Z,2020-07-15T01:06:37Z,1
884,89,2019-06-04T00:52:54Z,2021-03-23T09:03:18Z,1
380,569,2019-11-13T02:48:43Z,2020-09-13T18:05:27Z,1
520,738,2019-04-06T08:28:54Z,2021-03-05T16:04:36Z,0
700,649,2019-02-28T09:24:17Z,2021-11-28T12:58:16Z,1
529,234,2018-06-11T18:11:18Z,2020-09-26T20:39:08Z,1
979,741,2019-02-14T10:36:17Z,2021-02-28T02:54:27Z,0
368,281,2018-05-27T02:27:58Z,2020-09-06T05:13:13Z,0
1059,214,2019-08-30T17:59:18Z,2021-09-11T14:44:48Z,1
1048,283,2019-08-25T06:59:37Z,2021-08-29T00:13:40Z,0
807,938,2019-04-14T19:33:38Z,2020-09-25T21:35:23Z,0
661,201,2018-11-22T00:44:29Z,2020-06-13T11:36:18Z,0
1040,859,2019-09-24T12:32:50Z,2020-08-15T03:06:19Z,1
871,107,2019-05-18T05:14:08Z,2020-07-23T23:27:14Z,0
939,694,2019-10-01T01:45:40Z,2021-09-22T02:52:41Z,1
591,127,2018-05-27T12:59:26Z,2021-09-04T23:02:45Z,0
766,803,2019-09-13T18:24:29Z,2021-12-07T16:44:05Z,1
591,139,2018-11-08T09:59:57Z,2020-03-05T14:06:23Z,1
786,157,2018-05-20T01:52:01Z,2020-06-09T17:23:15Z,0
732,92,2019-03-15T08:31:14Z,2020-12-08T02:22:43Z,1
649,50,2018-10-16T16:02:42Z,2021-03-25T02:00:48Z,0
91,662,2019-01-20T22:21:59Z,2021-12-12T06:07:48Z,1
503,646,2018-12-11T12:14:56Z,2020-05-25T17:53:39Z,1
58,477,2018-08-28T00:10:20Z,2021-09-29T06:54:16Z,1
286,903,2019-10-14T18:55:50Z,2020-04-07T07:05:17Z,0
224,176,2019-06-30T09:11:48Z,2021-12-31T06:19:07Z,1
868,277,2019-03-24T01:31:28Z,2021-09-18T21:11:14Z,1
1050,764,2019-12-11T14:39:02Z,2021-09-21T17:15:07Z,0
72,918,2019-01-16T21:18:39Z,2021-07-28T09:43:46Z,1
450,652,2019-07-07T15:22:46Z,2020-12-12T00:10:47Z,1
357,811,2018-05-20T00:09:32Z,2021-04-14T22:35:54Z,0
220,690,2018-06-11T00:38:02Z,2021-04-27T12:34:11Z,1
262,820,2018-10-03T16:58:21Z,2021-11-11T06:23:50Z,1
979,634,2019-01-30T21:47:57Z,2021-10-05T03:20:54Z,1
782,691,2018-12-25T20:32:25Z,2021-08-15T17:59:15Z,1
628,989,2018-09-26T19:35:01Z,2020-12-03T18:24:09Z,1
125,191,2018-04-06T07:19:12Z,2020-12-27T15:07:06Z,0
1023,134,2019-02-09T11:24:17Z,2020-02-08T13:07:25Z,0
994,943,2019-11-25T17:15:45Z,2020-09-20T19:02:03Z,1
659,254,2018-05-04T00:44:46Z,2020-09-14T03:39:28Z,0
298,857,2018-10-16T16:56:23Z,2021-03-28T10:08:58Z,1
199,709,2019-07-19T07:02:20Z,2021-05-30T08:15:52Z,1
333,353,2019-02-18T12:18:58Z,2021-02-16T13:02:08Z,1
673,245,2019-08-14T03:33:03Z,2020-02-24T12:54:13Z,0
351,346,2019-08-14T18:30:40Z,2021-03-24T09:56:06Z,0
45,25,2019-05-05T15:31:50Z,2020-05-10T06:06:17Z,1
680,484,2018-02-22T15:48:12Z,2020-07-28T02:30:51Z,1
1065,414,2018-10-30T12:01:31Z,2020-06-05T00:40:18Z,0
553,479,2019-08-27T15:37:48Z,2021-05-11T14:38:36Z,0
823,783,2018-04-11T20:23:25Z,2020-05-01T23:52:57Z,1